code,holder,artist
CCKK001,smilypong,puchii
CCKK002,acos6682,puchii
CCKK003,reganz21,puchii
CCKK004,bibbu__,puchii
CCKK005,birb6587,puchii
CCKK006,dos4289,puchii
CCKK007,vodkla,puchii
CCKK008,peach.sw,puchii
CCKK009,reborn8958,puchii
CCKK010,nongwaan,puchii
CCKK011,jakeperalta0309,puchii
CCKK012,yingyotthaitalent,puchii
CCKK013,,puchii
CCKK014,,puchii
CCKK015,,puchii
CCKK016,,puchii
CCKK017,shroomskull,puchii
CCKK018,chackky,puchii
CCKK019,nanobro,puchii
CCKK020,ik3377,puchii
CCKK021,nathan8644,puchii
CCKK022,,puchii
CCKK023,skyfall_tk,puchii
CCKK024,buja723,puchii
CCKK025,claire3653,puchii
CCKK026,whitesocks,puchii
CCKK027,,puchii
CCKK028,thisisfin_,puchii
CCKK029,be_kindplss,puchii
CCKK030,mikeweb,puchii
CCKK031,sailornini,puchii
CCKK032,,puchii
CCKK033,,puchii
CCKK034,diggyltx,Peggy
CCKK035,stangboredman,Jannie
CCKK036,_ratchez,Jannie
CCKK037,rattana_90,Peggy
CCKK038,karn_69,Peggy
CCKK039,jtp.j,Jannie
CCKK040,jnrzz,Jannie
CCKK041,yingjuice.,Peggy
CCKK042,.huak,Jannie
CCKK043,hamzin,Peggy
CCKK044,pkhemapet,Jannie
